{
  "source": ".",
  "destination": "./docs",
  "includes": [
    "^lib(\\\\|\\/).*\\.js$"
  ],
  "excludes": [
    "tests(\\\\|\\/).*(spec|Spec|test|Test)\\.js$"
  ],
  "plugins": [
    {
      "name": "esdoc-standard-plugin"
    },
    {
      "name": "esdoc-flow-type-plugin",
      "option": {
        "enable": true
      }
    },
    {
      "name": "esdoc-lint-plugin",
      "option": {
        "enable": true
      }
    },
    {
      "name": "esdoc-integrate-manual-plugin",
      "option": {
        "index": "./manual/README.md",
        "globalIndex": true,
        "asset": "./manual/asset",
        "files": [
          "./CHANGELOG"
        ]
      }
    },
    {
      "name": "esdoc-brand-plugin",
      "option": {
        "description": "Office Open XML Generator using Node.js streams. Supporting Microsoft Office 2007 and later Word (docx), PowerPoint (pptx,ppsx) and Excel (xlsx). This module is for all frameworks and environments. No need for any commandline tool - this module is doing everything inside it.",
        "repository": "https://github.com/Ziv-Barber/officegen",
        "site": "https://github.com/Ziv-Barber/officegen",
        "image": "./logo_office.png"
      }
    },
    {
      "name": "esdoc-ecmascript-proposal-plugin",
      "option": {
        "all": true
      }
    },
    {
      "name": "esdoc-integrate-test-plugin",
      "option": {
        "source": ".",
        "interfaces": [
          "describe",
          "it",
          "context",
          "suite",
          "test"
        ],
        "includes": [
          "^lib(\\\\|\\/).*(spec|Spec|test|Test)\\.js$",
          "^tests(\\\\|\\/).*(spec|Spec|test|Test)\\.js$"
        ]
      }
    }
  ]
}