<?xml version="1.0" encoding="UTF-8" standalone="yes"?>
<a:theme xmlns:a="http://schemas.openxmlformats.org/drawingml/2006/main" name="Theme_2"><a:themeElements><a:clrScheme name="Origin"><a:dk1><a:sysClr val="windowText" lastClr="000000"/></a:dk1><a:lt1><a:sysClr val="window" lastClr="FFFFFF"/></a:lt1><a:dk2><a:srgbClr val="464653"/></a:dk2><a:lt2><a:srgbClr val="DDE9EC"/></a:lt2><a:accent1><a:srgbClr val="727CA3"/></a:accent1><a:accent2><a:srgbClr val="9FB8CD"/></a:accent2><a:accent3><a:srgbClr val="D2DA7A"/></a:accent3><a:accent4><a:srgbClr val="FADA7A"/></a:accent4><a:accent5><a:srgbClr val="B88472"/></a:accent5><a:accent6><a:srgbClr val="8E736A"/></a:accent6><a:hlink><a:srgbClr val="B292CA"/></a:hlink><a:folHlink><a:srgbClr val="6B5680"/></a:folHlink></a:clrScheme><a:fontScheme name="Origin"><a:majorFont><a:latin typeface="Bookman Old Style"/><a:ea typeface=""/><a:cs typeface=""/><a:font script="Grek" typeface="Cambria"/><a:font script="Cyrl" typeface="Cambria"/><a:font script="Jpan" typeface="HG明朝E"/><a:font script="Hang" typeface="돋움"/><a:font script="Hans" typeface="宋体"/><a:font script="Hant" typeface="標楷體"/><a:font script="Arab" typeface="Times New Roman"/><a:font script="Hebr" typeface="Times New Roman"/><a:font script="Thai" typeface="Browallia New"/><a:font script="Ethi" typeface="Nyala"/><a:font script="Beng" typeface="Vrinda"/><a:font script="Gujr" typeface="Shruti"/><a:font script="Khmr" typeface="MoolBoran"/><a:font script="Knda" typeface="Tunga"/><a:font script="Guru" typeface="Raavi"/><a:font script="Cans" typeface="Euphemia"/><a:font script="Cher" typeface="Plantagenet Cherokee"/><a:font script="Yiii" typeface="Microsoft Yi Baiti"/><a:font script="Tibt" typeface="Microsoft Himalaya"/><a:font script="Thaa" typeface="MV Boli"/><a:font script="Deva" typeface="Mangal"/><a:font script="Telu" typeface="Gautami"/><a:font script="Taml" typeface="Latha"/><a:font script="Syrc" typeface="Estrangelo Edessa"/><a:font script="Orya" typeface="Kalinga"/><a:font script="Mlym" typeface="Kartika"/><a:font script="Laoo" typeface="DokChampa"/><a:font script="Sinh" typeface="Iskoola Pota"/><a:font script="Mong" typeface="Mongolian Baiti"/><a:font script="Viet" typeface="Times New Roman"/><a:font script="Uigh" typeface="Microsoft Uighur"/></a:majorFont><a:minorFont><a:latin typeface="Gill Sans MT"/><a:ea typeface=""/><a:cs typeface=""/><a:font script="Grek" typeface="Calibri"/><a:font script="Cyrl" typeface="Calibri"/><a:font script="Jpan" typeface="ＭＳ Ｐゴシック"/><a:font script="Hang" typeface="맑은 고딕"/><a:font script="Hans" typeface="华文新魏"/><a:font script="Hant" typeface="新細明體"/><a:font script="Arab" typeface="Arial"/><a:font script="Hebr" typeface="Arial"/><a:font script="Thai" typeface="Cordia New"/><a:font script="Ethi" typeface="Nyala"/><a:font script="Beng" typeface="Vrinda"/><a:font script="Gujr" typeface="Shruti"/><a:font script="Khmr" typeface="DaunPenh"/><a:font script="Knda" typeface="Tunga"/><a:font script="Guru" typeface="Raavi"/><a:font script="Cans" typeface="Euphemia"/><a:font script="Cher" typeface="Plantagenet Cherokee"/><a:font script="Yiii" typeface="Microsoft Yi Baiti"/><a:font script="Tibt" typeface="Microsoft Himalaya"/><a:font script="Thaa" typeface="MV Boli"/><a:font script="Deva" typeface="Mangal"/><a:font script="Telu" typeface="Gautami"/><a:font script="Taml" typeface="Latha"/><a:font script="Syrc" typeface="Estrangelo Edessa"/><a:font script="Orya" typeface="Kalinga"/><a:font script="Mlym" typeface="Kartika"/><a:font script="Laoo" typeface="DokChampa"/><a:font script="Sinh" typeface="Iskoola Pota"/><a:font script="Mong" typeface="Mongolian Baiti"/><a:font script="Viet" typeface="Arial"/><a:font script="Uigh" typeface="Microsoft Uighur"/></a:minorFont></a:fontScheme><a:fmtScheme name="Origin"><a:fillStyleLst><a:solidFill><a:schemeClr val="phClr"/></a:solidFill><a:gradFill rotWithShape="1"><a:gsLst><a:gs pos="0"><a:schemeClr val="phClr"><a:tint val="45000"/><a:satMod val="200000"/></a:schemeClr></a:gs><a:gs pos="30000"><a:schemeClr val="phClr"><a:tint val="61000"/><a:satMod val="200000"/></a:schemeClr></a:gs><a:gs pos="45000"><a:schemeClr val="phClr"><a:tint val="66000"/><a:satMod val="200000"/></a:schemeClr></a:gs><a:gs pos="55000"><a:schemeClr val="phClr"><a:tint val="66000"/><a:satMod val="200000"/></a:schemeClr></a:gs><a:gs pos="73000"><a:schemeClr val="phClr"><a:tint val="61000"/><a:satMod val="200000"/></a:schemeClr></a:gs><a:gs pos="100000"><a:schemeClr val="phClr"><a:tint val="45000"/><a:satMod val="200000"/></a:schemeClr></a:gs></a:gsLst><a:lin ang="950000" scaled="1"/></a:gradFill><a:gradFill rotWithShape="1"><a:gsLst><a:gs pos="0"><a:schemeClr val="phClr"><a:shade val="63000"/></a:schemeClr></a:gs><a:gs pos="30000"><a:schemeClr val="phClr"><a:shade val="90000"/><a:satMod val="110000"/></a:schemeClr></a:gs><a:gs pos="45000"><a:schemeClr val="phClr"><a:shade val="100000"/><a:satMod val="118000"/></a:schemeClr></a:gs><a:gs pos="55000"><a:schemeClr val="phClr"><a:shade val="100000"/><a:satMod val="118000"/></a:schemeClr></a:gs><a:gs pos="73000"><a:schemeClr val="phClr"><a:shade val="90000"/><a:satMod val="110000"/></a:schemeClr></a:gs><a:gs pos="100000"><a:schemeClr val="phClr"><a:shade val="63000"/></a:schemeClr></a:gs></a:gsLst><a:lin ang="950000" scaled="1"/></a:gradFill></a:fillStyleLst><a:lnStyleLst><a:ln w="9525" cap="flat" cmpd="sng" algn="ctr"><a:solidFill><a:schemeClr val="phClr"/></a:solidFill><a:prstDash val="solid"/></a:ln><a:ln w="19050" cap="flat" cmpd="sng" algn="ctr"><a:solidFill><a:schemeClr val="phClr"/></a:solidFill><a:prstDash val="solid"/></a:ln><a:ln w="25400" cap="flat" cmpd="sng" algn="ctr"><a:solidFill><a:schemeClr val="phClr"/></a:solidFill><a:prstDash val="solid"/></a:ln></a:lnStyleLst><a:effectStyleLst><a:effectStyle><a:effectLst><a:outerShdw blurRad="38100" dist="25400" dir="5400000" rotWithShape="0"><a:srgbClr val="000000"><a:alpha val="40000"/></a:srgbClr></a:outerShdw></a:effectLst></a:effectStyle><a:effectStyle><a:effectLst><a:outerShdw blurRad="50800" dist="43000" dir="5400000" rotWithShape="0"><a:srgbClr val="000000"><a:alpha val="40000"/></a:srgbClr></a:outerShdw></a:effectLst><a:scene3d><a:camera prst="orthographicFront" fov="0"><a:rot lat="0" lon="0" rev="0"/></a:camera><a:lightRig rig="balanced" dir="t"><a:rot lat="0" lon="0" rev="0"/></a:lightRig></a:scene3d><a:sp3d prstMaterial="matte"><a:bevelT w="0" h="0"/><a:contourClr><a:schemeClr val="phClr"><a:tint val="100000"/><a:shade val="100000"/><a:hueMod val="100000"/><a:satMod val="100000"/></a:schemeClr></a:contourClr></a:sp3d></a:effectStyle><a:effectStyle><a:effectLst><a:outerShdw blurRad="50800" dist="25400" dir="5400000" rotWithShape="0"><a:srgbClr val="000000"><a:alpha val="50000"/></a:srgbClr></a:outerShdw></a:effectLst><a:scene3d><a:camera prst="orthographicFront" fov="0"><a:rot lat="0" lon="0" rev="0"/></a:camera><a:lightRig rig="soft" dir="t"><a:rot lat="0" lon="0" rev="2700000"/></a:lightRig></a:scene3d><a:sp3d prstMaterial="matte"><a:bevelT w="50800" h="50800"/><a:contourClr><a:schemeClr val="phClr"/></a:contourClr></a:sp3d></a:effectStyle></a:effectStyleLst><a:bgFillStyleLst><a:solidFill><a:schemeClr val="phClr"/></a:solidFill><a:gradFill rotWithShape="1"><a:gsLst><a:gs pos="0"><a:schemeClr val="phClr"><a:shade val="60000"/><a:satMod val="300000"/></a:schemeClr></a:gs><a:gs pos="30000"><a:schemeClr val="phClr"><a:shade val="80000"/><a:satMod val="230000"/></a:schemeClr></a:gs><a:gs pos="100000"><a:schemeClr val="phClr"><a:tint val="97000"/><a:satMod val="220000"/></a:schemeClr></a:gs></a:gsLst><a:lin ang="16200000" scaled="1"/></a:gradFill><a:blipFill><a:blip xmlns:r="http://schemas.openxmlformats.org/officeDocument/2006/relationships" r:embed="rId1"><a:duotone><a:schemeClr val="phClr"><a:shade val="6000"/><a:satMod val="120000"/></a:schemeClr><a:schemeClr val="phClr"><a:tint val="90000"/></a:schemeClr></a:duotone></a:blip><a:tile tx="0" ty="0" sx="35000" sy="40000" flip="x" algn="tl"/></a:blipFill></a:bgFillStyleLst></a:fmtScheme></a:themeElements><a:objectDefaults/><a:extraClrSchemeLst/></a:theme>